Baton_Rouge,LA,METRO,30.44,-91.13,789638
Port_Huron,MI,LOCAL,42.98,-82.44,96135
Parkersburg,WV,LOCAL,39.26,-81.54,78478
Dover,NH,LOCAL,43.19,-70.88,133206
Davis,CA,LOCAL,38.56,-121.74,208080
Orlando,FL,METRO,28.48,-81.34,2928719
Mayaguez,PR,LOCAL,18.20,-67.14,93426
York,PA,LOCAL,39.97,-76.73,345190
Baltimore,MD,METRO,39.31,-76.61,3764058
Redding,CA,LOCAL,40.57,-122.36,141084
Yuma,AZ,LOCAL,32.60,-114.55,217085
Portland,ME,LOCAL,43.68,-70.27,258586
Austin,MN,LOCAL,43.67,-92.98,25180
The_Villages,FL,LOCAL,28.90,-81.99,126635
Wenatchee,WA,LOCAL,47.44,-120.33,71119
Killeen,TX,LOCAL,31.08,-97.73,461249
Rockwall,TX,LOCAL,32.92,-96.44,82310
Guayama,PR,LOCAL,17.97,-66.11,65343
Zionsville,IN,LOCAL,39.99,-86.32,53194
Danville,VA,LOCAL,36.58,-79.41,40668
Albany,NY,METRO,42.67,-73.80,802626
Parsippany,NJ,LOCAL,40.86,-74.41,216784
Frederick,MD,LOCAL,39.43,-77.41,221874
Del_Rio,TX,LOCAL,29.37,-100.88,35828
Eagle_Pass,TX,LOCAL,28.71,-100.48,38641
Salem,OH,LOCAL,40.90,-80.85,28822
Cedar_City,UT,LOCAL,37.68,-113.10,40448
Corvallis,OR,LOCAL,44.57,-123.28,66090
Springfield,OH,LOCAL,39.93,-83.80,92439
Laramie,WY,LOCAL,41.31,-105.61,32515
Decatur,AL,LOCAL,34.57,-86.99,84131
Navarre,FL,LOCAL,30.42,-86.89,296532
Frankfort,KY,LOCAL,38.19,-84.86,27705
St_Michael,MN,LOCAL,45.20,-93.69,72896
Glassboro,NJ,LOCAL,39.70,-75.11,61542
Bakersfield,CA,METRO,35.35,-119.04,928785
Oak_Harbor,WA,LOCAL,48.30,-122.63,40431
Dodge_City,KS,LOCAL,37.76,-100.02,27186
San_Jose,CA,METRO,37.30,-121.85,2705369
Auburn,NY,LOCAL,42.93,-76.57,26383
Mandeville,LA,LOCAL,30.38,-90.09,225463
Lancaster,PA,METRO,40.04,-76.30,508941
Conway,AR,LOCAL,35.08,-92.47,73279
Worcester,MA,METRO,42.27,-71.81,703289
Roseville,CA,LOCAL,38.77,-121.32,312250
Farmington,NM,LOCAL,36.76,-108.18,67813
Ponca_City,OK,LOCAL,36.72,-97.07,30574
Roswell,NM,LOCAL,33.37,-104.53,47751
Cheyenne,WY,LOCAL,41.13,-104.79,82840
Savannah,GA,LOCAL,32.03,-81.18,371109
Fort_Worth,TX,METRO,32.78,-97.35,1948142
Janesville,WI,LOCAL,42.69,-89.01,108711
Monroe,MI,LOCAL,41.92,-83.38,38474
Evansville,IN,LOCAL,37.99,-87.53,227338
Dothan,AL,LOCAL,31.23,-85.41,69586
Washington,MO,LOCAL,38.55,-91.02,39262
Opelousas,LA,LOCAL,30.53,-92.08,26441
Long_Branch,NJ,LOCAL,40.30,-73.99,174582
Marion,OH,LOCAL,40.60,-83.12,36011
LaGrange,GA,LOCAL,33.03,-85.04,30494
New_City,NY,LOCAL,41.15,-73.99,225779
Aliquippa,PA,LOCAL,40.62,-80.25,31407
Dubuque,IA,LOCAL,42.50,-90.71,67916
Tooele,UT,LOCAL,40.54,-112.31,56072
Chicago,IL,METRO,41.84,-87.69,10795490
Muskegon,MI,LOCAL,43.23,-86.26,199428
Green_Bay,WI,LOCAL,44.51,-87.99,328510
Saginaw,MI,LOCAL,43.42,-83.95,139413
Minot,ND,LOCAL,48.24,-101.28,47834
Idaho_Falls,ID,LOCAL,43.49,-112.04,117729
Lancaster,OH,LOCAL,39.72,-82.60,61695
Grand_Island,NE,LOCAL,40.92,-98.36,51250
Appleton,WI,LOCAL,44.28,-88.39,260401
Jamestown,NY,LOCAL,42.10,-79.24,51413
Lakeland,FL,LOCAL,28.06,-81.95,770861
Overland_Park,KS,LOCAL,38.89,-94.69,630656
Fajardo,PR,LOCAL,18.33,-65.66,75549
Duluth,MN,LOCAL,46.78,-92.14,151855
Charleston,WV,LOCAL,38.35,-81.63,187360
Richmond,VA,METRO,37.53,-77.48,1347754
Brunswick,GA,LOCAL,31.14,-81.47,48430
Modesto,CA,METRO,37.64,-121.00,642851
Columbia,MO,LOCAL,38.95,-92.33,132806
Oxnard,CA,METRO,34.20,-119.18,1049642
Gallup,NM,LOCAL,35.52,-108.74,28459
Waldorf,MD,LOCAL,38.61,-76.92,152079
Syracuse,NY,METRO,43.04,-76.14,449582
Tacoma,WA,LOCAL,47.24,-122.45,761361
Vineland,NJ,LOCAL,39.47,-75.00,119849
Davenport,IA,LOCAL,41.56,-90.61,431841
The_Woodlands,TX,LOCAL,30.17,-95.51,390043
Topeka,KS,LOCAL,39.03,-95.70,145717
La_Crosse,WI,LOCAL,43.82,-91.23,128064
Aberdeen,SD,LOCAL,45.46,-98.47,28315
Fairbanks,AK,LOCAL,64.84,-147.65,103693
Hutchinson,KS,LOCAL,38.07,-97.91,40669
Pottstown,PA,LOCAL,40.25,-75.64,338314
Leesburg,VA,LOCAL,39.11,-77.55,298622
Los_Angeles,CA,METRO,34.11,-118.41,18698185
Bloomington,IN,LOCAL,39.16,-86.53,123265
Eldersburg,MD,LOCAL,39.40,-76.95,111967
Bowling_Green,OH,LOCAL,41.38,-83.65,59771
Carson_City,NV,LOCAL,39.15,-119.75,55244
Panama_City,FL,LOCAL,30.20,-85.60,224832
Gastonia,NC,LOCAL,35.25,-81.19,213141
Ames,IA,LOCAL,42.03,-93.62,72601
Chester,PA,LOCAL,39.85,-75.37,190002
Mission_Viejo,CA,METRO,33.61,-117.66,3635641
Mount_Juliet,TN,LOCAL,36.20,-86.51,77901
Fernley,NV,LOCAL,39.56,-119.19,34874
Hollister,CA,LOCAL,36.86,-121.40,40100
Troy,OH,LOCAL,40.04,-84.22,57374
Macon,GA,LOCAL,32.81,-83.70,153026
Boston,MA,METRO,42.32,-71.09,5993193
Knik-Fairview,AK,LOCAL,61.51,-149.63,63587
Athens,AL,LOCAL,34.78,-86.95,26686
Columbus,GA,LOCAL,32.51,-84.88,249510
Missoula,MT,LOCAL,46.88,-114.02,93723
San_Rafael,CA,LOCAL,37.99,-122.52,212659
Lynchburg,VA,LOCAL,37.40,-79.19,125710
Huntsville,TX,LOCAL,30.70,-95.56,41664
Orange,TX,LOCAL,30.12,-93.76,37018
Waco,TX,LOCAL,31.56,-97.19,239603
San_Juan,PR,METRO,18.40,-66.06,2339518
Holland,MI,LOCAL,42.77,-86.10,160093
Toledo,OH,METRO,41.66,-83.58,551636
Williston,ND,LOCAL,48.18,-103.64,27812
Stockton,CA,METRO,37.98,-121.31,755129
Palm_Coast,FL,METRO,29.54,-81.25,386415
Greenville,NC,LOCAL,35.59,-77.38,139436
Germantown,MD,LOCAL,39.18,-77.26,951503
Newport_News,VA,LOCAL,37.11,-76.52,179582
Springfield,TN,LOCAL,36.49,-86.87,36264
Rapid_City,SD,LOCAL,44.07,-103.22,108096
Kennewick,WA,LOCAL,46.20,-119.17,387337
Waterloo,IA,LOCAL,42.49,-92.35,156016
Chattanooga,TN,METRO,35.07,-85.25,491809
Honolulu,HI,METRO,21.33,-157.85,1430793
Brigham_City,UT,LOCAL,41.50,-112.05,28226
Benton,AR,LOCAL,34.58,-92.57,56923
El_Centro,CA,LOCAL,32.79,-115.56,210521
Jackson,MI,LOCAL,42.24,-84.40,87230
Lakeside,FL,LOCAL,30.14,-81.77,145394
Norwich,CT,LOCAL,41.55,-72.09,238637
Sarasota,FL,METRO,27.34,-82.54,1220775
Madison,WI,METRO,43.08,-89.39,622065
Wichita,KS,METRO,37.69,-97.34,571848
Alamogordo,NM,LOCAL,32.88,-105.96,31635
Auburn,AL,LOCAL,32.61,-85.49,107382
Moscow,ID,LOCAL,46.73,-117.00,25652
Ashtabula,OH,LOCAL,41.88,-80.80,30591
Suffolk,VA,LOCAL,36.70,-76.64,91383
Bend,OR,LOCAL,44.06,-121.31,138819
Akron,OH,METRO,41.08,-81.52,891261
Shreveport,LA,LOCAL,32.47,-93.80,291388
Erie,PA,LOCAL,42.12,-80.07,198834
Charleston,SC,METRO,32.82,-79.97,965418
Cleveland,OH,METRO,41.48,-81.68,2545969
Sanford,NC,LOCAL,35.49,-79.18,29758
Midland,TX,LOCAL,32.02,-102.11,140111
Marquette,MI,LOCAL,46.54,-87.41,27064
Moorhead,MN,LOCAL,46.87,-96.75,43409
Pueblo,CO,LOCAL,38.27,-104.61,175568
Port_Arthur,TX,LOCAL,29.86,-93.93,345341
Belleville,IL,LOCAL,38.52,-89.99,163299
Cincinnati,OH,METRO,39.14,-84.51,2243556
McMinnville,OR,LOCAL,45.21,-123.19,58142
Findlay,OH,LOCAL,41.05,-83.64,41098
Helena,MT,LOCAL,46.60,-112.02,49243
Bay_City,MI,LOCAL,43.59,-83.89,67917
Yakima,WA,LOCAL,46.59,-120.55,180011
Hopkinsville,KY,LOCAL,36.84,-87.48,52747
Cibolo,TX,LOCAL,29.56,-98.21,59791
Galesburg,IL,LOCAL,40.95,-90.38,30405
Clayton,NC,LOCAL,35.66,-78.45,42826
Hammond,LA,LOCAL,30.51,-90.46,82999
Houston,TX,METRO,29.79,-95.39,6412490
Iowa_City,IA,LOCAL,41.66,-91.53,161717
Lubbock,TX,LOCAL,33.57,-101.89,257835
Jacksonville,FL,METRO,30.33,-81.67,1209714
Yukon,OK,LOCAL,35.52,-97.76,77479
Utica,NY,LOCAL,43.10,-75.23,145165
Tulsa,OK,METRO,36.13,-95.90,942791
Bloomington,IL,LOCAL,40.48,-88.97,187409
Gulfport,MS,LOCAL,30.43,-89.07,305793
Kingsport,TN,LOCAL,36.52,-82.55,177929
Seattle,WA,METRO,47.62,-122.32,4942540
Weirton,WV,LOCAL,40.41,-80.57,65447
Grants_Pass,OR,LOCAL,42.43,-123.33,37938
Cave_Spring,VA,LOCAL,37.23,-80.01,48408
Thibodaux,LA,LOCAL,29.79,-90.81,53374
Danville,IL,LOCAL,40.14,-87.61,30969
Fayetteville,NC,LOCAL,35.08,-78.98,361431
Sherman,TX,LOCAL,33.63,-96.62,92061
Nogales,AZ,LOCAL,31.36,-110.93,40130
Asheboro,NC,LOCAL,35.72,-79.81,44234
Tallahassee,FL,LOCAL,30.46,-84.25,273481
New_Haven,CT,METRO,41.31,-72.92,1016891
Terre_Haute,IN,LOCAL,39.47,-87.38,93247
Beaver_Dam,WI,LOCAL,43.47,-88.83,27586
Birmingham,AL,METRO,33.53,-86.80,1106081
Durham,NC,METRO,35.98,-78.90,481699
Carbondale,IL,LOCAL,37.72,-89.22,74209
Longview,WA,LOCAL,46.15,-122.96,80195
Springfield,MO,LOCAL,37.19,-93.29,354103
Odessa,TX,LOCAL,31.88,-102.34,168698
Summerville,SC,LOCAL,33.00,-80.18,53643
Boulder,CO,LOCAL,40.02,-105.25,365298
Salisbury,NC,LOCAL,35.67,-80.49,33961
Wilson,NC,LOCAL,35.73,-77.93,49310
Monroe,LA,LOCAL,32.52,-92.08,141532
Rock_Springs,WY,LOCAL,41.59,-109.22,35263
Kokomo,IN,LOCAL,40.46,-86.13,58066
Naperville,IL,LOCAL,41.75,-88.17,1483575
Thomasville,NC,LOCAL,35.88,-80.08,45804
Brownsville,TX,LOCAL,26.00,-97.46,402995
Fond_du_Lac,WI,LOCAL,43.77,-88.44,50746
Elizabethtown,KY,LOCAL,37.70,-85.88,110107
Minneapolis,MN,METRO,44.96,-93.27,4804545
McAllen,TX,METRO,26.23,-98.25,1286993
Oklahoma_City,OK,METRO,35.47,-97.51,1177410
Phillipsburg,NJ,LOCAL,40.69,-75.18,30218
Hot_Springs,AR,LOCAL,34.49,-93.05,54259
Kahului,HI,LOCAL,20.87,-156.46,132594
Hattiesburg,MS,LOCAL,31.31,-89.32,95710
Omaha,NE,METRO,41.26,-96.05,914190
Springfield,IL,LOCAL,39.77,-89.65,175579
Manhattan,KS,LOCAL,39.19,-96.60,63765
Tuscaloosa,AL,LOCAL,33.23,-87.53,175272
Chaska,MN,LOCAL,44.82,-93.61,74786
Lexington,SC,LOCAL,33.99,-81.22,99823
Pahrump,NV,LOCAL,36.22,-116.00,38390
Huntsville,AL,LOCAL,34.70,-86.64,375516
New_Bedford,MA,LOCAL,41.67,-70.94,349581
St_Joseph,MO,LOCAL,39.76,-94.82,79349
Milwaukee,WI,METRO,43.06,-87.97,1796124
West_Bend,WI,LOCAL,43.42,-88.18,123973
Johnson_City,TN,LOCAL,36.34,-82.38,126265
Tampa,FL,METRO,27.99,-82.44,3731253
Greensboro,NC,LOCAL,36.10,-79.83,542323
Bartlesville,OK,LOCAL,36.74,-95.95,36495
Columbus,IN,LOCAL,39.21,-85.92,48820
St_Louis,MO,METRO,38.64,-90.25,3112895
Fresno,CA,METRO,36.78,-119.79,989090
Richmond,IN,LOCAL,39.83,-84.89,35467
Coeur_d'Alene,ID,LOCAL,47.70,-116.79,173572
Pine_Bluff,AR,LOCAL,34.21,-92.02,42323
Mason,OH,LOCAL,39.36,-84.30,92549
Grand_Rapids,MI,METRO,42.96,-85.66,874942
Arecibo,PR,LOCAL,18.45,-66.74,123499
Philadelphia,PA,METRO,40.01,-75.13,5836414
Ponce,PR,LOCAL,18.01,-66.62,118641
Buffalo,NY,METRO,42.90,-78.85,1004104
Lansing,MI,LOCAL,42.71,-84.56,493643
Prattville,AL,LOCAL,32.46,-86.46,36599
Goldsboro,NC,LOCAL,35.38,-77.97,34610
Shelby,NC,LOCAL,35.29,-81.55,30931
Truckee,CA,LOCAL,39.35,-120.18,37103
Nashua,NH,LOCAL,42.75,-71.49,394897
Longview,TX,LOCAL,32.52,-94.76,113599
Atlantic_City,NJ,LOCAL,39.38,-74.45,341069
Henderson,KY,LOCAL,37.84,-87.58,28469
Shakopee,MN,LOCAL,44.77,-93.48,115115
Cleveland,TN,LOCAL,35.18,-84.87,80381
Norfolk,VA,LOCAL,36.89,-76.26,244300
Laplace,LA,LOCAL,30.07,-90.48,37738
Anderson,IN,LOCAL,40.09,-85.69,94135
Greenfield,IN,LOCAL,39.79,-85.77,29798
Hickory,NC,LOCAL,35.74,-81.32,241934
Mooresville,NC,LOCAL,35.58,-80.83,78444
Sevierville,TN,LOCAL,35.89,-83.57,32629
Butte,MT,LOCAL,45.90,-112.66,34263
Lima,OH,LOCAL,40.74,-84.11,76506
Wilkes-Barre,PA,LOCAL,41.25,-75.88,108046
Rome,GA,LOCAL,34.27,-85.19,66998
Florence,AL,LOCAL,34.83,-87.67,79590
Hilo,HI,LOCAL,19.69,-155.09,81762
Clarksville,TN,LOCAL,36.57,-87.34,183798
Newcastle,OK,LOCAL,35.24,-97.60,25295
North_Mankato,MN,LOCAL,44.18,-94.04,25837
Muscle_Shoals,AL,LOCAL,34.74,-87.63,31749
Binghamton,NY,LOCAL,42.10,-75.91,185279
Albertville,AL,LOCAL,34.26,-86.21,48143
Carlsbad,NM,LOCAL,32.40,-104.24,41741
Liberty,TX,LOCAL,30.04,-94.79,25995
Victoria,TX,LOCAL,28.83,-96.98,66427
Linda,CA,LOCAL,39.12,-121.54,57145
Pittsfield,MA,LOCAL,42.45,-73.26,55411
Port_Angeles,WA,LOCAL,48.11,-123.46,27512
Eureka,CA,LOCAL,40.79,-124.16,73984
Texas_City,TX,LOCAL,29.42,-94.97,388150
Victorville,CA,METRO,34.53,-117.35,2213515
El_Paso,TX,METRO,31.85,-106.43,873979
Memphis,TN,METRO,35.11,-89.97,1430146
Winston-Salem,NC,METRO,36.10,-80.26,475874
Flagstaff,AZ,LOCAL,35.19,-111.62,96273
Port_St_Lucie,FL,METRO,27.28,-80.39,605012
Alabaster,AL,LOCAL,33.22,-86.82,128121
Sheboygan,WI,LOCAL,43.74,-87.73,86786
Abilene,TX,LOCAL,32.45,-99.74,110993
Reading,PA,LOCAL,40.34,-75.93,297238
Gadsden,AL,LOCAL,34.01,-86.02,53626
Lorain,OH,LOCAL,41.44,-82.18,357367
Wheeling,WV,LOCAL,40.08,-80.70,75065
Rochester,MN,LOCAL,44.02,-92.48,116962
Oxford,MS,LOCAL,34.36,-89.53,27662
Scranton,PA,METRO,41.40,-75.66,417228
Anniston,AL,LOCAL,33.67,-85.81,121943
Boise,ID,METRO,43.60,-116.23,586159
Greeley,CO,LOCAL,40.42,-104.77,268574
Jackson,TN,LOCAL,35.65,-88.84,71004
Burlington,NC,LOCAL,36.08,-79.47,179769
Marshfield,WI,LOCAL,44.66,-90.17,35905
Enterprise,AL,LOCAL,31.33,-85.85,28170
Sebring,FL,LOCAL,27.48,-81.45,73826
Youngstown,OH,METRO,41.10,-80.65,542200
Chico,CA,LOCAL,39.76,-121.82,183606
Augusta,ME,LOCAL,44.33,-69.73,35285
Plano,TX,LOCAL,33.05,-96.75,991566
Hampton,VA,LOCAL,37.06,-76.36,135169
Whitewater,WI,LOCAL,42.84,-88.73,40964
Stockbridge,GA,LOCAL,33.53,-84.23,70430
Knoxville,TN,METRO,35.97,-83.95,649388
Bozeman,MT,LOCAL,45.68,-111.06,57514
Searcy,AR,LOCAL,35.24,-91.74,31804
St_George,UT,LOCAL,37.08,-113.58,177715
Elk_River,MN,LOCAL,45.33,-93.57,35979
Sacramento,CA,METRO,38.57,-121.47,2871113
Owatonna,MN,LOCAL,44.09,-93.23,25716
Lewiston,ID,LOCAL,46.39,-116.99,32853
Coos_Bay,OR,LOCAL,43.38,-124.23,26034
Dayton,OH,METRO,39.78,-84.20,1116237
St_Marys,GA,LOCAL,30.76,-81.57,35844
Hammond,IN,LOCAL,41.62,-87.49,438845
Mankato,MN,LOCAL,44.17,-93.98,42685
Cabot,AR,LOCAL,34.98,-92.03,26376
Middletown,CT,LOCAL,41.55,-72.65,46406
Hinesville,GA,LOCAL,31.82,-81.61,43069
Lafayette,IN,LOCAL,40.40,-86.86,217832
Hermiston,OR,LOCAL,45.83,-119.29,48456
Fort_Wayne,IN,LOCAL,41.09,-85.14,352328
Fort_Smith,AR,LOCAL,35.35,-94.37,134698
Greenville,SC,METRO,34.84,-82.36,823679
Visalia,CA,LOCAL,36.33,-119.33,451664
Phenix_City,AL,LOCAL,32.46,-85.03,36461
Sioux_Falls,SD,LOCAL,43.54,-96.73,183951
Kankakee,IL,LOCAL,41.10,-87.86,125575
Lufkin,TX,LOCAL,31.32,-94.73,35336
Waukesha,WI,LOCAL,43.01,-88.25,266342
Watertown,NY,LOCAL,43.97,-75.91,38258
Deltona,FL,LOCAL,28.91,-81.21,840597
Oak_Ridge,TN,LOCAL,35.96,-84.29,39130
Enid,OK,LOCAL,36.41,-97.87,50116
Augusta,GA,METRO,33.36,-82.07,492257
New_York,NY,METRO,40.69,-73.92,30626085
Palm_Bay,FL,METRO,27.96,-80.66,854179
Medford,OR,LOCAL,42.34,-122.85,236821
San_Angelo,TX,LOCAL,31.44,-100.45,97481
Dallas,TX,METRO,32.79,-96.77,7448605
Garden_City,KS,LOCAL,37.98,-100.85,26403
Tucson,AZ,METRO,32.15,-110.88,1287240
Key_West,FL,LOCAL,24.56,-81.78,42911
Florida,PR,LOCAL,18.36,-66.56,69427
DeKalb,IL,LOCAL,41.93,-88.75,91965
Marion,IL,LOCAL,37.73,-88.94,30345
Juneau,AK,LOCAL,58.45,-134.17,32099
Casper,WY,LOCAL,42.84,-106.32,63962
Bel_Air_South,MD,LOCAL,39.50,-76.31,340303
Spring_Hill,TN,LOCAL,35.74,-86.91,81312
New_Bern,NC,LOCAL,35.10,-77.07,49912
Round_Rock,TX,LOCAL,30.53,-97.66,404738
Elko,NV,LOCAL,40.84,-115.77,34906
Wilmington,NC,LOCAL,34.21,-77.89,343646
Flint,MI,LOCAL,43.02,-83.69,404189
Dover,DE,LOCAL,39.16,-75.52,137625
Pinehurst,NC,LOCAL,35.19,-79.47,38591
Brunswick,OH,LOCAL,41.25,-81.82,84717
New_Iberia,LA,LOCAL,30.00,-91.82,28965
Spokane,WA,METRO,47.67,-117.43,564840
Walla_Walla,WA,LOCAL,46.07,-118.34,42262
Brentwood,NY,LOCAL,40.78,-73.25,2318330
Billings,MT,LOCAL,45.79,-108.55,131596
Concord,CA,METRO,37.97,-122.00,1794627
Greenville,TX,LOCAL,33.11,-96.11,37561
Athens,GA,LOCAL,33.95,-83.37,143081
Concord,NH,LOCAL,43.23,-71.56,52198
Madera,CA,LOCAL,36.96,-120.08,108651
California,MD,LOCAL,38.30,-76.49,34355
Kalamazoo,MI,LOCAL,42.27,-85.59,279032
Myrtle_Beach,SC,LOCAL,33.71,-78.88,416671
Pocatello,ID,LOCAL,42.87,-112.46,89660
Denver,CO,METRO,39.76,-104.88,4324322
Houma,LA,LOCAL,29.58,-90.71,166972
Fargo,ND,LOCAL,46.87,-96.83,241878
Lexington,KY,LOCAL,38.04,-84.46,381654
Newport,RI,LOCAL,41.48,-71.32,35986
Joplin,MO,LOCAL,37.08,-94.50,115810
Zanesville,OH,LOCAL,39.96,-82.01,25246
Newnan,GA,LOCAL,33.38,-84.78,40227
Carlisle,PA,LOCAL,40.20,-77.20,43396
Gainesville,GA,LOCAL,34.29,-83.83,147403
Nampa,ID,LOCAL,43.58,-116.56,246626
Anchorage,AK,LOCAL,61.15,-149.11,248902
Muskogee,OK,LOCAL,35.74,-95.36,37337
Marysville,WA,LOCAL,48.08,-122.16,709551
Eden,NC,LOCAL,36.50,-79.74,28914
Chesapeake,VA,LOCAL,36.68,-76.30,242647
Dalton,GA,LOCAL,34.77,-84.97,87944
Franklin,TN,LOCAL,35.92,-86.85,141585
Clinton,IA,LOCAL,41.84,-90.24,25290
Superior,WI,LOCAL,46.69,-92.08,26260
Hobbs,NM,LOCAL,32.73,-103.16,49875
San_Francisco,CA,METRO,37.76,-122.44,5910380
Hanford,CA,LOCAL,36.33,-119.65,163193
Burlington,VT,LOCAL,44.49,-73.23,153122
Burleson,TX,LOCAL,32.52,-97.33,92237
Wilmington,DE,LOCAL,39.74,-75.54,241576
Williamsport,PA,LOCAL,41.24,-77.04,28437
Indianola,IA,LOCAL,41.36,-93.57,27388
Alexandria,LA,LOCAL,31.29,-92.47,90014
Hopatcong,NJ,LOCAL,40.95,-74.66,31311
Pittsburgh,PA,METRO,40.44,-79.98,2046499
Las_Cruces,NM,LOCAL,32.33,-106.79,176699
Mentor,OH,LOCAL,41.69,-81.34,167113
Quincy,IL,LOCAL,39.93,-91.38,40111
Huntington,WV,LOCAL,38.41,-82.43,205987
Michigan_City,IN,LOCAL,41.71,-86.87,87274
Providence,RI,METRO,41.82,-71.42,1576173
Meridian,MS,LOCAL,32.38,-88.69,37252
Wooster,OH,LOCAL,40.82,-81.93,41277
Albuquerque,NM,METRO,35.11,-106.65,932023
Centralia,WA,LOCAL,46.72,-122.97,25080
Hartford,CT,METRO,41.77,-72.68,1086099
Texarkana,AR,LOCAL,33.44,-94.00,29864
Roseburg,OR,LOCAL,43.22,-123.35,39446
Elkhart,IN,LOCAL,41.69,-85.96,196676
Yuba_City,CA,LOCAL,39.14,-121.64,124815
Asheville,NC,LOCAL,35.57,-82.55,327484
O'Fallon,MO,LOCAL,38.79,-90.72,286467
Bowling_Green,KY,LOCAL,36.97,-86.44,94555
Faribault,MN,LOCAL,44.30,-93.28,44252
Mason_City,IA,LOCAL,43.15,-93.20,34658
Kalispell,MT,LOCAL,48.22,-114.33,40383
Maryville,TN,LOCAL,35.75,-83.98,39134
Winchester,VA,LOCAL,39.17,-78.17,74593
Salina,KS,LOCAL,38.81,-97.61,46706
Columbia,SC,METRO,34.04,-80.90,685311
Yauco,PR,LOCAL,18.03,-66.86,80307
Lebanon,PA,LOCAL,40.34,-76.42,88161
Allentown,PA,METRO,40.60,-75.48,819497
Detroit,MI,METRO,42.38,-83.10,4954861
Rockford,IL,LOCAL,42.26,-89.06,352392
Marshalltown,IA,LOCAL,42.03,-92.91,26957
Pascagoula,MS,LOCAL,30.37,-88.55,88355
Riverside,CA,METRO,33.94,-117.39,4846767
Wausau,WI,LOCAL,44.96,-89.65,99046
Nashville,TN,METRO,36.17,-86.78,1081876
Wichita_Falls,TX,LOCAL,33.91,-98.53,111246
Valdosta,GA,LOCAL,30.85,-83.28,87579
Jacksonville,NC,LOCAL,34.73,-77.39,130583
Gillette,WY,LOCAL,44.28,-105.50,32513
St_Cloud,MN,LOCAL,45.53,-94.17,151745
Shawnee,OK,LOCAL,35.35,-96.96,38082
Manitowoc,WI,LOCAL,44.10,-87.68,43637
Little_Rock,AR,METRO,34.73,-92.36,590753
Monroe,GA,LOCAL,33.80,-83.72,26058
Winona,MN,LOCAL,44.05,-91.67,26772
Bossier_City,LA,LOCAL,32.52,-93.67,74905
Kingsville,TX,LOCAL,27.51,-97.86,25367
Texarkana,TX,LOCAL,33.45,-94.08,79304
Cookeville,TN,LOCAL,36.15,-85.51,33922
Rexburg,ID,LOCAL,43.82,-111.79,29064
Indianapolis,IN,METRO,39.78,-86.15,2192655
Reno,NV,METRO,39.55,-119.85,600305
South_Lyon,MI,LOCAL,42.46,-83.65,1211745
Santa_Cruz,CA,LOCAL,36.98,-122.03,316279
Eau_Claire,WI,LOCAL,44.82,-91.49,110966
Biddeford,ME,LOCAL,43.47,-70.45,62384
Kansas_City,MO,METRO,39.12,-94.55,2198187
Lincoln,NE,LOCAL,40.81,-96.68,280780
Florence,SC,LOCAL,34.18,-79.79,95271
Sierra_Vista,AZ,LOCAL,31.56,-110.32,76200
Las_Vegas,NV,METRO,36.23,-115.27,3706579
Edwards,CO,LOCAL,39.62,-106.62,30003
Oshkosh,WI,LOCAL,44.02,-88.56,138568
Torrington,CT,LOCAL,41.83,-73.13,50442
Amarillo,TX,LOCAL,35.20,-101.83,202902
Oswego,NY,LOCAL,43.45,-76.50,28580
Albany,OR,LOCAL,44.63,-123.10,93312
Brockton,MA,LOCAL,42.08,-71.02,103304
Douglasville,GA,LOCAL,33.74,-84.71,50580
Merced,CA,LOCAL,37.31,-120.48,263026
Altoona,PA,LOCAL,40.51,-78.40,73374
Petersburg,VA,LOCAL,37.20,-77.39,30791
Juana_Diaz,PR,LOCAL,18.05,-66.50,71759
Ogden,UT,METRO,41.23,-111.97,1094546
South_Bend,IN,LOCAL,41.68,-86.27,408892
Spring_Hill,FL,LOCAL,28.48,-82.53,181536
Middletown,NY,LOCAL,41.45,-74.42,107236
Crestview,FL,LOCAL,30.75,-86.58,109098
Jackson,MS,METRO,32.32,-90.21,515442
Fremont,NE,LOCAL,41.44,-96.49,26362
Braselton,GA,LOCAL,34.11,-83.81,30805
Miami,FL,METRO,25.78,-80.21,8069151
Pekin,IL,LOCAL,40.57,-89.63,87757
Tyler,TX,LOCAL,32.32,-95.31,152289
Warner_Robins,GA,LOCAL,32.60,-83.65,173227
Portland,TX,LOCAL,27.89,-97.33,27575
Stevens_Point,WI,LOCAL,44.52,-89.55,39125
Moses_Lake,WA,LOCAL,47.13,-119.28,39338
Charlotte,NC,METRO,35.21,-80.83,1836349
Marion,IN,LOCAL,40.55,-85.66,27730
Rocky_Mount,NC,LOCAL,35.97,-77.80,61952
San_German,PR,LOCAL,18.08,-67.05,103747
Fort_Collins,CO,LOCAL,40.55,-105.07,410160
Atlanta,GA,METRO,33.76,-84.42,6482016
Joliet,IL,LOCAL,41.52,-88.15,506140
Twin_Falls,ID,LOCAL,42.56,-114.46,49819
Poughkeepsie,NY,METRO,41.69,-73.92,446728
Sandusky,OH,LOCAL,41.45,-82.70,31567
Harrisburg,PA,METRO,40.28,-76.88,523066
Paragould,AR,LOCAL,36.06,-90.51,28821
Louisville,KY,METRO,38.17,-85.65,1122565
Waxahachie,TX,LOCAL,32.40,-96.84,101195
Statesboro,GA,LOCAL,32.44,-81.78,32115
Des_Moines,IA,METRO,41.57,-93.61,813297
State_College,PA,LOCAL,40.79,-77.86,98018
Blacksburg,VA,LOCAL,37.23,-80.43,116880
Nacogdoches,TX,LOCAL,31.61,-94.65,32912
Lafayette,LA,LOCAL,30.21,-92.03,308078
Raleigh,NC,METRO,35.83,-78.64,1498654
New_Orleans,LA,METRO,30.07,-89.93,957783
Austin,TX,METRO,30.30,-97.75,1827859
Lawrence,KS,LOCAL,38.96,-95.26,103245
Great_Falls,MT,LOCAL,47.50,-111.30,62112
Santa_Fe,NM,LOCAL,35.66,-105.98,95498
San_Marcos,TX,LOCAL,29.87,-97.94,133176
Fayetteville,AR,METRO,36.07,-94.17,438594
New_Braunfels,TX,LOCAL,29.70,-98.11,110960
Portland,OR,METRO,45.54,-122.65,3382637
Newark,OH,LOCAL,40.07,-82.43,105045
Owensboro,KY,LOCAL,37.76,-87.12,73115
Greenville,MS,LOCAL,33.38,-91.05,29854
Concord,NC,LOCAL,35.39,-80.64,302487
Tiffin,OH,LOCAL,41.12,-83.18,30666
Phoenix,AZ,METRO,33.57,-112.09,6890782
Ocala,FL,LOCAL,29.18,-82.15,250449
Easton,PA,LOCAL,40.69,-75.22,51842
Sioux_City,IA,LOCAL,42.50,-96.39,107932
Metairie,LA,LOCAL,30.00,-90.18,463793
Elgin,TX,LOCAL,30.35,-97.39,25854
Peoria,IL,LOCAL,40.75,-89.62,253461
Aiken,SC,LOCAL,33.53,-81.73,54798
Bismarck,ND,LOCAL,46.81,-100.77,90420
Watertown,WI,LOCAL,43.19,-88.73,44027
Washington,DC,METRO,38.90,-77.02,5461716
Salem,VA,LOCAL,37.29,-80.06,25290
Carrollton,GA,LOCAL,33.58,-85.08,42660
Salinas,CA,LOCAL,36.69,-121.63,458531
Stillwater,OK,LOCAL,36.13,-97.07,57942
Weatherford,TX,LOCAL,32.75,-97.77,32110
Rogers,AR,LOCAL,36.32,-94.15,190485
Mansfield,OH,LOCAL,40.77,-82.53,82303
Norman,OK,LOCAL,35.23,-97.35,181215
Pensacola,FL,METRO,30.44,-87.19,526765
Morristown,TN,LOCAL,36.20,-83.30,29887
Bangor,ME,LOCAL,44.83,-68.79,48508
Salisbury,MD,LOCAL,38.38,-75.59,108982
Canton,OH,LOCAL,40.81,-81.37,373962
Battle_Creek,MI,LOCAL,42.30,-85.23,90935
Forney,TX,LOCAL,32.74,-96.45,50030
Champaign,IL,LOCAL,40.11,-88.27,226037
Hagerstown,MD,LOCAL,39.64,-77.72,212888
Charleston,IL,LOCAL,39.48,-88.18,37414
Kearney,NE,LOCAL,40.70,-99.08,33783
Springfield,MA,METRO,42.12,-72.54,752378
Yulee,FL,LOCAL,30.64,-81.57,25968
Murfreesboro,TN,LOCAL,35.85,-86.41,255619
Blaine,MN,LOCAL,45.17,-93.21,327052
Vallejo,CA,LOCAL,38.11,-122.23,611452
Williamsburg,VA,LOCAL,37.27,-76.71,83021
Pell_City,AL,LOCAL,33.56,-86.27,27085
Klamath_Falls,OR,LOCAL,42.22,-121.78,40491
Russellville,AR,LOCAL,35.28,-93.14,29227
Lake_Charles,LA,LOCAL,30.20,-93.21,183972
St_Augustine,FL,LOCAL,29.90,-81.31,184643
Morgantown,WV,LOCAL,39.64,-79.95,86752
Denton,TX,METRO,33.22,-97.14,806709
Mobile,AL,LOCAL,30.68,-88.12,487772
Clovis,NM,LOCAL,34.44,-103.19,38701
Centreville,VA,LOCAL,38.84,-77.44,1492898
Zephyrhills,FL,LOCAL,28.24,-82.18,358941
Grand_Forks,ND,LOCAL,47.92,-97.09,63767
Big_Spring,TX,LOCAL,32.24,-101.48,27878
Salem,OR,LOCAL,44.92,-123.02,423493
Leesburg,FL,LOCAL,28.77,-81.90,295709
Rock_Hill,SC,LOCAL,34.94,-81.02,169878
Gainesville,FL,LOCAL,29.68,-82.35,213432
Golden_Gate,FL,LOCAL,26.18,-81.70,111099
Sugar_Land,TX,LOCAL,29.59,-95.64,383300
Pullman,WA,LOCAL,46.73,-117.17,33974
Milford,DE,LOCAL,38.91,-75.42,26796
Cape_Coral,FL,METRO,26.64,-82.00,1379420
Morris,IL,LOCAL,41.37,-88.43,25489
Lewiston,ME,LOCAL,44.09,-70.17,59425
Rochester,NY,METRO,43.17,-77.62,744601
Decatur,IL,LOCAL,39.86,-88.93,86604
Cumberland,MD,LOCAL,39.65,-78.76,28045
Bowie,MD,LOCAL,38.95,-76.74,751587
Delaware,OH,LOCAL,40.29,-83.07,55171
Ithaca,NY,LOCAL,42.44,-76.50,37218
Provo,UT,METRO,40.25,-111.65,1049422
Farmington,MO,LOCAL,37.78,-90.43,34341
Talladega,AL,LOCAL,33.43,-86.10,34342
Starkville,MS,LOCAL,33.46,-88.83,25495
Santa_Barbara,CA,LOCAL,34.43,-119.72,545020
Albany,GA,LOCAL,31.58,-84.18,89323
Anderson,SC,LOCAL,34.52,-82.65,103479
Murrysville,PA,LOCAL,40.45,-79.66,81788
Portsmouth,VA,LOCAL,36.85,-76.35,94961
Glens_Falls,NY,LOCAL,43.31,-73.65,83311
Woodstock,GA,LOCAL,34.10,-84.51,75451
Muncie,IN,LOCAL,40.20,-85.39,98165
Richmond,KY,LOCAL,37.73,-84.29,51517
Santa_Rosa,CA,LOCAL,38.45,-122.71,513775
Tupelo,MS,LOCAL,34.27,-88.73,38251
Portsmouth,NH,LOCAL,43.06,-70.78,97455
Racine,WI,LOCAL,42.73,-87.81,204386
Harrisonburg,VA,LOCAL,38.44,-78.87,74901
Kenosha,WI,LOCAL,42.59,-87.88,167981
Olympia,WA,LOCAL,47.04,-122.90,291348
Northampton,MA,LOCAL,42.33,-72.67,28552
Crystal_Lake,IL,LOCAL,42.23,-88.34,221955
Bremerton,WA,LOCAL,47.54,-122.71,305010
Niagara_Falls,NY,LOCAL,43.09,-79.01,107080
San_Diego,CA,METRO,32.83,-117.12,4868352
New_Brunswick,NJ,LOCAL,40.49,-74.44,605255
Midland,MI,LOCAL,43.62,-84.23,41922
Arnold,MO,LOCAL,38.43,-90.37,48247
Aberdeen,WA,LOCAL,46.98,-123.81,25141
Leavenworth,KS,LOCAL,39.32,-94.92,48084
Portage,IN,LOCAL,41.59,-87.18,84115
Pearland,TX,LOCAL,29.56,-95.32,280529
Claremore,OK,LOCAL,36.31,-95.61,26805
Laredo,TX,LOCAL,27.56,-99.49,262774
Bridgeport,CT,METRO,41.19,-73.20,1446829
Roanoke,VA,LOCAL,37.28,-79.96,216388
Jonesboro,AR,LOCAL,35.82,-90.68,73631
Elmira,NY,LOCAL,42.09,-76.81,63404
Middletown,OH,LOCAL,39.50,-84.37,259873
Spartanburg,SC,LOCAL,34.94,-81.93,233243
Sumter,SC,LOCAL,33.94,-80.39,77626
Aguadilla,PR,LOCAL,18.44,-67.15,260331
Ottawa,IL,LOCAL,41.36,-88.83,56869
San_Antonio,TX,METRO,29.46,-98.52,2235770
Bellingham,WA,LOCAL,48.75,-122.47,176268
Lawton,OK,LOCAL,34.62,-98.42,90487
Columbus,OH,METRO,39.99,-82.99,1919208
Mount_Vernon,WA,LOCAL,48.42,-122.31,106002
Chambersburg,PA,LOCAL,39.93,-77.66,31915
Trenton,NJ,LOCAL,40.22,-74.76,522638
Adrian,MI,LOCAL,41.90,-84.04,28911
Montgomery,AL,LOCAL,32.35,-86.27,263285
St_Petersburg,FL,LOCAL,27.79,-82.67,800077
West_Chester,PA,LOCAL,39.96,-75.61,64809
Eugene,OR,LOCAL,44.06,-123.12,373453
Cedar_Rapids,IA,LOCAL,41.97,-91.68,235923
Tullahoma,TN,LOCAL,35.37,-86.22,30878
Logan,UT,LOCAL,41.74,-111.84,152107
